Time,Year,Month,Season window,christmas light installation,holiday light installation
2021-09-01,2021,9,Sep-Dec,0,0
2021-10-01,2021,10,Sep-Dec,0,0
2021-11-01,2021,11,Sep-Dec,29,0
2021-12-01,2021,12,Sep-Dec,13,0
2022-01-01,2022,1,Jan-Aug,0,0
2022-02-01,2022,2,Jan-Aug,0,0
2022-03-01,2022,3,Jan-Aug,0,0
2022-04-01,2022,4,Jan-Aug,0,0
2022-05-01,2022,5,Jan-Aug,0,0
2022-06-01,2022,6,Jan-Aug,0,0
2022-07-01,2022,7,Jan-Aug,0,0
2022-08-01,2022,8,Jan-Aug,0,0
2022-09-01,2022,9,Sep-Dec,0,0
2022-10-01,2022,10,Sep-Dec,14,0
2022-11-01,2022,11,Sep-Dec,36,0
2022-12-01,2022,12,Sep-Dec,14,0
2023-01-01,2023,1,Jan-Aug,0,0
2023-02-01,2023,2,Jan-Aug,0,0
2023-03-01,2023,3,Jan-Aug,0,0
2023-04-01,2023,4,Jan-Aug,0,0
2023-05-01,2023,5,Jan-Aug,0,0
2023-06-01,2023,6,Jan-Aug,0,0
2023-07-01,2023,7,Jan-Aug,0,0
2023-08-01,2023,8,Jan-Aug,0,0
2023-09-01,2023,9,Sep-Dec,0,0
2023-10-01,2023,10,Sep-Dec,13,0
2023-11-01,2023,11,Sep-Dec,43,0
2023-12-01,2023,12,Sep-Dec,0,0
2024-01-01,2024,1,Jan-Aug,0,0
2024-02-01,2024,2,Jan-Aug,0,0
2024-03-01,2024,3,Jan-Aug,0,0
2024-04-01,2024,4,Jan-Aug,0,0
2024-05-01,2024,5,Jan-Aug,0,0
2024-06-01,2024,6,Jan-Aug,0,0
2024-07-01,2024,7,Jan-Aug,0,0
2024-08-01,2024,8,Jan-Aug,0,0
2024-09-01,2024,9,Sep-Dec,0,0
2024-10-01,2024,10,Sep-Dec,14,11
2024-11-01,2024,11,Sep-Dec,44,20
2024-12-01,2024,12,Sep-Dec,0,17
2025-01-01,2025,1,Jan-Aug,0,17
2025-02-01,2025,2,Jan-Aug,22,16
2025-03-01,2025,3,Jan-Aug,0,0
2025-04-01,2025,4,Jan-Aug,14,0
2025-05-01,2025,5,Jan-Aug,0,0
2025-06-01,2025,6,Jan-Aug,0,0
2025-07-01,2025,7,Jan-Aug,12,0
2025-08-01,2025,8,Jan-Aug,0,0
2025-09-01,2025,9,Sep-Dec,45,30
2025-10-01,2025,10,Sep-Dec,31,21
2025-11-01,2025,11,Sep-Dec,66,21
2025-12-01,2025,12,Sep-Dec,32,0
2026-01-01,2026,1,Jan-Aug,0,12
2026-02-01,2026,2,Jan-Aug,0,0
2026-03-01,2026,3,Jan-Aug,26,30
2026-04-01,2026,4,Jan-Aug,100,86
2026-05-01,2026,5,Jan-Aug,74,50
2026-06-01,2026,6,Jan-Aug,70,51
2026-07-01,2026,7,Jan-Aug,88,88
2026-08-01,2026,8,Jan-Aug,75,77
2026-09-01,2026,9,Sep-Dec,11,5
