Time,Year,Month,Season window,christmas light installation,holiday light installation,christmas lights
2021-09-01,2021,9,Sep-Dec,0,0,3
2021-10-01,2021,10,Sep-Dec,0,0,7
2021-11-01,2021,11,Sep-Dec,1,0,47
2021-12-01,2021,12,Sep-Dec,0,0,100
2022-01-01,2022,1,Jan-Aug,0,0,6
2022-02-01,2022,2,Jan-Aug,0,0,1
2022-03-01,2022,3,Jan-Aug,0,0,1
2022-04-01,2022,4,Jan-Aug,0,0,1
2022-05-01,2022,5,Jan-Aug,0,0,1
2022-06-01,2022,6,Jan-Aug,0,0,2
2022-07-01,2022,7,Jan-Aug,0,0,2
2022-08-01,2022,8,Jan-Aug,0,0,2
2022-09-01,2022,9,Sep-Dec,0,0,3
2022-10-01,2022,10,Sep-Dec,0,0,7
2022-11-01,2022,11,Sep-Dec,1,0,43
2022-12-01,2022,12,Sep-Dec,0,0,78
2023-01-01,2023,1,Jan-Aug,0,0,5
2023-02-01,2023,2,Jan-Aug,0,0,1
2023-03-01,2023,3,Jan-Aug,0,0,1
2023-04-01,2023,4,Jan-Aug,0,0,1
2023-05-01,2023,5,Jan-Aug,0,0,1
2023-06-01,2023,6,Jan-Aug,0,0,1
2023-07-01,2023,7,Jan-Aug,0,0,1
2023-08-01,2023,8,Jan-Aug,0,0,2
2023-09-01,2023,9,Sep-Dec,0,0,3
2023-10-01,2023,10,Sep-Dec,0,0,6
2023-11-01,2023,11,Sep-Dec,1,0,45
2023-12-01,2023,12,Sep-Dec,0,0,88
2024-01-01,2024,1,Jan-Aug,0,0,5
2024-02-01,2024,2,Jan-Aug,0,0,1
2024-03-01,2024,3,Jan-Aug,0,0,1
2024-04-01,2024,4,Jan-Aug,0,0,1
2024-05-01,2024,5,Jan-Aug,0,0,1
2024-06-01,2024,6,Jan-Aug,0,0,1
2024-07-01,2024,7,Jan-Aug,0,0,1
2024-08-01,2024,8,Jan-Aug,0,0,2
2024-09-01,2024,9,Sep-Dec,0,0,3
2024-10-01,2024,10,Sep-Dec,0,0,7
2024-11-01,2024,11,Sep-Dec,1,0,44
2024-12-01,2024,12,Sep-Dec,0,0,91
2025-01-01,2025,1,Jan-Aug,0,0,5
2025-02-01,2025,2,Jan-Aug,0,0,1
2025-03-01,2025,3,Jan-Aug,0,0,1
2025-04-01,2025,4,Jan-Aug,0,0,1
2025-05-01,2025,5,Jan-Aug,0,0,2
2025-06-01,2025,6,Jan-Aug,0,0,2
2025-07-01,2025,7,Jan-Aug,0,0,2
2025-08-01,2025,8,Jan-Aug,0,0,2
2025-09-01,2025,9,Sep-Dec,1,1,4
2025-10-01,2025,10,Sep-Dec,1,0,7
2025-11-01,2025,11,Sep-Dec,1,0,46
2025-12-01,2025,12,Sep-Dec,0,0,69
2026-01-01,2026,1,Jan-Aug,0,0,5
2026-02-01,2026,2,Jan-Aug,0,0,2
2026-03-01,2026,3,Jan-Aug,0,1,1
2026-04-01,2026,4,Jan-Aug,2,2,3
2026-05-01,2026,5,Jan-Aug,1,1,2
2026-06-01,2026,6,Jan-Aug,1,1,2
2026-07-01,2026,7,Jan-Aug,2,2,2
2026-08-01,2026,8,Jan-Aug,1,1,2
2026-09-01,2026,9,Sep-Dec,0,0,3
