"Time","""christmas light installation""","""holiday light installation""","""Christmas lights"""
"2021-09-01",0,0,3
"2021-10-01",0,0,7
"2021-11-01",1,0,47
"2021-12-01",0,0,100
"2022-01-01",0,0,6
"2022-02-01",0,0,1
"2022-03-01",0,0,1
"2022-04-01",0,0,1
"2022-05-01",0,0,1
"2022-06-01",0,0,2
"2022-07-01",0,0,2
"2022-08-01",0,0,2
"2022-09-01",0,0,3
"2022-10-01",0,0,7
"2022-11-01",1,0,43
"2022-12-01",0,0,78
"2023-01-01",0,0,5
"2023-02-01",0,0,1
"2023-03-01",0,0,1
"2023-04-01",0,0,1
"2023-05-01",0,0,1
"2023-06-01",0,0,1
"2023-07-01",0,0,1
"2023-08-01",0,0,2
"2023-09-01",0,0,3
"2023-10-01",0,0,6
"2023-11-01",1,0,45
"2023-12-01",0,0,88
"2024-01-01",0,0,5
"2024-02-01",0,0,1
"2024-03-01",0,0,1
"2024-04-01",0,0,1
"2024-05-01",0,0,1
"2024-06-01",0,0,1
"2024-07-01",0,0,1
"2024-08-01",0,0,2
"2024-09-01",0,0,3
"2024-10-01",0,0,7
"2024-11-01",1,0,44
"2024-12-01",0,0,91
"2025-01-01",0,0,5
"2025-02-01",0,0,1
"2025-03-01",0,0,1
"2025-04-01",0,0,1
"2025-05-01",0,0,2
"2025-06-01",0,0,2
"2025-07-01",0,0,2
"2025-08-01",0,0,2
"2025-09-01",1,1,4
"2025-10-01",1,0,7
"2025-11-01",1,0,46
"2025-12-01",0,0,69
"2026-01-01",0,0,5
"2026-02-01",0,0,2
"2026-03-01",0,1,1
"2026-04-01",2,2,3
"2026-05-01",1,1,2
"2026-06-01",1,1,2
"2026-07-01",2,2,2
"2026-08-01",1,1,2
"2026-09-01",0,0,3