"Time","christmas light installation","holiday light installation"
"2021-09-01",0,0
"2021-10-01",0,0
"2021-11-01",29,0
"2021-12-01",13,0
"2022-01-01",0,0
"2022-02-01",0,0
"2022-03-01",0,0
"2022-04-01",0,0
"2022-05-01",0,0
"2022-06-01",0,0
"2022-07-01",0,0
"2022-08-01",0,0
"2022-09-01",0,0
"2022-10-01",14,0
"2022-11-01",36,0
"2022-12-01",14,0
"2023-01-01",0,0
"2023-02-01",0,0
"2023-03-01",0,0
"2023-04-01",0,0
"2023-05-01",0,0
"2023-06-01",0,0
"2023-07-01",0,0
"2023-08-01",0,0
"2023-09-01",0,0
"2023-10-01",13,0
"2023-11-01",43,0
"2023-12-01",0,0
"2024-01-01",0,0
"2024-02-01",0,0
"2024-03-01",0,0
"2024-04-01",0,0
"2024-05-01",0,0
"2024-06-01",0,0
"2024-07-01",0,0
"2024-08-01",0,0
"2024-09-01",0,0
"2024-10-01",14,11
"2024-11-01",44,20
"2024-12-01",0,17
"2025-01-01",0,17
"2025-02-01",22,16
"2025-03-01",0,0
"2025-04-01",14,0
"2025-05-01",0,0
"2025-06-01",0,0
"2025-07-01",12,0
"2025-08-01",0,0
"2025-09-01",45,30
"2025-10-01",31,21
"2025-11-01",66,21
"2025-12-01",32,0
"2026-01-01",0,12
"2026-02-01",0,0
"2026-03-01",26,30
"2026-04-01",100,86
"2026-05-01",74,50
"2026-06-01",70,51
"2026-07-01",88,88
"2026-08-01",75,77
"2026-09-01",11,5