"Time","""christmas light installation""","""holiday light installation"""
"2021-09-01",0,0
"2021-10-01",0,0
"2021-11-01",34,0
"2021-12-01",0,0
"2022-01-01",0,0
"2022-02-01",0,0
"2022-03-01",0,0
"2022-04-01",0,0
"2022-05-01",0,0
"2022-06-01",0,0
"2022-07-01",0,0
"2022-08-01",0,0
"2022-09-01",0,0
"2022-10-01",12,0
"2022-11-01",29,0
"2022-12-01",0,0
"2023-01-01",0,0
"2023-02-01",0,0
"2023-03-01",0,0
"2023-04-01",0,0
"2023-05-01",0,0
"2023-06-01",0,0
"2023-07-01",0,0
"2023-08-01",0,0
"2023-09-01",0,0
"2023-10-01",14,0
"2023-11-01",37,0
"2023-12-01",0,0
"2024-01-01",0,0
"2024-02-01",0,0
"2024-03-01",0,0
"2024-04-01",0,0
"2024-05-01",0,0
"2024-06-01",0,0
"2024-07-01",0,0
"2024-08-01",0,0
"2024-09-01",0,0
"2024-10-01",11,0
"2024-11-01",39,23
"2024-12-01",0,17
"2025-01-01",0,15
"2025-02-01",0,14
"2025-03-01",0,0
"2025-04-01",13,0
"2025-05-01",0,0
"2025-06-01",0,0
"2025-07-01",0,0
"2025-08-01",0,0
"2025-09-01",39,26
"2025-10-01",28,20
"2025-11-01",58,16
"2025-12-01",17,0
"2026-01-01",0,0
"2026-02-01",17,0
"2026-03-01",23,27
"2026-04-01",100,97
"2026-05-01",65,27
"2026-06-01",74,46
"2026-07-01",83,87
"2026-08-01",72,71
"2026-09-01",8,4